number,air_pressure.,air_temp.,avg_wind_direction.,avg_wind_speed.,max_wind_direction.,max_wind_speed.,relative_humidity.
0,918.06,74.822,271.1,2.0803542,295.4,2.8632832,42.42
1,917.3476881,71.40384263,101.9351794,2.443009216,140.4715485,3.533323602,24.32869729
2,923.04,60.638,51,17.0678522,63.7,22.1009672,8.9
3,920.5027512,70.13889487,198.8321327,4.337363056,211.2033412,5.19004536,12.18910187
4,921.16,44.294,277.8,1.8566602,136.5,2.8632832,92.41
5,915.3,78.404,182.8,9.9320136,189,10.9833754,35.13
6,915.5988675,70.04330432,177.8754072,3.745586538,186.6066959,4.589632429,10.65742166
7,918.07,51.71,242.4,2.5277422,271.6,3.6462122,80.47
8,920.08,80.582,40.7,4.5186188,63,5.8831522,29.58
9,915.01,47.498,163.1,4.9436374,195.9,6.5766036,88.6
10,919.65,77.036,70.6,3.8251674,85.5,4.7646822,22.07
11,915.64,45.716,241.6,5.8607828,265.8,8.0306146,90.56
12,917.39,49.784,204.1,1.2750558,211.8,2.013246,73.15
13,920.82,62.438,213.6,2.6172198,165.7,3.3106712,43.64
14,911,86.432,202.9,1.2079476,162.9,1.677705,15.19
15,922.3831312,70.86526349,36.17417478,1.847278084,58.42863249,2.529142074,12.11088934
16,917.89,,169.2,2.1922012,196.8,2.9303914,48.99
17,916.9152554,77.01896058,234.539345,2.274725297,229.4741987,2.906513109,21.03146177
18,918.8,67.082,176.1,4.8765292,183.4,5.5699806,18.9
19,922.04,68.576,58.3,9.5517338,81.9,12.5716028,7.54
20,919.9922622,62.96438312,54.79909362,12.68043574,74.25422349,15.45230581,18.80951786
21,917.23,67.676,177.8,2.460634,93.2,3.2883018,40.64
22,921.125626,68.81877189,71.79909228,2.576537767,95.47233356,3.487443587,11.74220123
23,920.35,47.57,192.1,6.263432,205.7,7.605596,54.55
24,921.7882289,71.65957221,217.4055201,1.946446506,253.758003,2.719711659,11.19424977
25,918.03,50.666,128.9,2.5277422,117.4,4.0041226,76.88
26,914.49,49.892,163,4.8541598,189.6,6.7331894,92.1
27,914.9,78.62,203.3,1.8119214,240,2.7514362,47.89
28,915.84,40.118,171.9,10.5359874,188,12.9295132,86.43
29,916.31,45.428,183.1,8.3437862,194.6,10.0885994,86.15
30,919.35,91.112,96.4,2.5277422,96.3,3.3777794,25.62
31,916.28,55.544,174.6,2.5948504,191.7,3.3777794,79.92
32,918.7,76.226,184.6,4.0936002,194.9,4.7423128,19.17
33,918.37,63.914,53.7,14.4506324,72.1,17.0454828,19.68
34,923.6,59.882,192.8,4.2949248,203.5,5.1897008,22.47
35,917.3,85.082,149.7,2.013246,71,2.8632832,32.02
36,912.64,53.996,177.7,6.822667,190.7,8.6345884,89.77
37,914.67,64.166,137.8,2.125093,177,2.7290668,58.57
38,914.66,50.36,177.6,8.5227414,186.3,10.0214912,91.22
39,921.9699513,60.95534153,164.621486,1.664442299,195.7799675,2.367181133,12.1096289
40,919.3,64.22,182.2,10.7596814,186.5,11.7886738,34.63
41,921.09,68.666,50.7,14.204569,62.5,17.0454828,17.58
42,921.5,49.55,90.7,1.7448132,112.3,2.684328,34.35
43,914.9,64.688,174.6,5.6594582,184.5,6.8674058,43.37
44,924.2,68.882,56.3,9.8872748,69,11.8781514,14.23
45,914.54,67.658,170.2,8.2543086,184.3,10.849159,35.05
46,917.9,65.66,183.7,6.0621074,188.5,6.5094954,74.22
47,916.05,87.188,210,1.565858,109.3,2.5948504,12.88
48,920.23,67.316,153.2,1.230317,136.9,2.0803542,13.89
49,923.6636768,69.03107042,64.68990787,7.55777528,73.04923224,8.819354482,14.69250133
50,921.9,65.876,199,4.4962494,207.2,5.3239172,10.35
51,918.58,76.982,150.7,1.3197946,182,1.9461378,15.54
52,922.36,74.336,166.9,4.1830778,210,6.9121446,12.48
53,922.928409,68.92146556,54.66611121,9.7874074,82.62134109,13.33468856,8.082800654
54,923.01855,70.33053243,152.5635421,3.059696039,181.27478,4.269037625,22.85968417
55,916.42,45.014,82.8,3.0646078,129.8,4.809421,57.71
56,922.57,45.626,182.8,5.2120702,191.4,6.0173686,85.71
57,920.03,66.992,172.5,2.460634,168.1,3.3106712,29.89
58,919.09,76.766,166.2,1.2974252,199,1.8119214,19.74
59,916.18,61.304,173.6,1.7224438,209.4,2.5277422,78.78
60,917.8,73.778,181.9,0.9395148,185.3,1.5434886,11.48
61,918.54,46.652,213.6,16.4862478,221.2,18.0297364,91.36
62,918.24,61.988,78.4,4.4515106,45.1,5.8384134,60.65
63,917.02,53.258,180.2,3.131716,216.6,4.4515106,25.09
64,919.41,78.314,183.7,3.7580592,42.7,5.3910254,29.71
65,921.29,83.228,162.6,2.6619586,194,3.5567346,16.5
66,922.06,61.754,56.2,10.4241404,77,13.42164,17.7
67,925.5882714,66.35298837,56.06405656,17.52793246,67.93988014,20.97118326,14.4246214
68,917.58,69.368,180.7,6.9568834,191.7,8.6345884,28.63
69,922.2062329,57.03648251,48.36270145,12.38532935,64.90532836,15.78933106,14.9694299
70,917.7625807,82.06433413,110.2578524,2.234508146,129.7798795,3.206254488,16.57866197
71,925.0971257,57.13349912,52.96893276,14.61830695,69.00705655,19.21431385,18.64230606
72,920.7428234,74.51537627,51.42271867,13.87609399,66.85476324,16.98617834,9.406636211
73,916.75,54.572,233.5,1.5211192,231.8,2.2816788,89.84
74,922.79,53.978,182.6,1.8566602,208.2,2.6395892,17.39
75,920.1,53.492,186.1,13.4440094,193.8,15.3677778,31.47
76,922.0704549,76.74220082,165.7364076,3.771458562,205.6703539,6.004160988,13.56782358
77,921.61,38.138,46.6,4.5186188,59.6,5.5252418,29.8
78,916.22,68.252,183.1,9.9320136,190.8,11.1623306,24.66
79,915.57,61.34,174.3,4.8988986,180.6,5.5028724,13.89
80,916.8,65.444,164.4,3.5567346,196.6,4.7199434,21.61
81,917.46,58.298,182.3,5.9055216,190.3,6.934514,25.76
82,925.74,49.55,154.2,2.3264176,197.1,3.4001488,69.78
83,917.67,43.862,192.9,5.8384134,206.4,7.270055,85.18
84,920.93,63.824,196.4,7.6503348,204,8.5674802,20.63
85,916.82,50.288,73.7,2.684328,90.4,3.4225182,58.73
86,917.2683056,85.66162976,266.4934619,2.158058057,194.7025114,2.829140057,31.21856628
87,921.39,76.082,225.1,1.901399,251.1,2.572481,47.52
88,915.9144357,69.38887311,46.73617058,10.97695077,64.64468233,14.29761714,8.498335363
89,919,68.162,98.6,1.7224438,126.4,2.3040482,34.63
90,918.8846912,72.89987778,163.5151929,1.026577543,196.1572631,1.482193818,18.91876489
91,915.32,83.84,219.9,1.5211192,245,2.0579848,17.49
92,918.8503361,74.08463941,69.44844917,3.416405485,103.0589152,4.748526322,11.07931552
93,921.4081299,47.97039461,46.31142851,10.99845315,67.23285724,14.38541279,22.14770138
94,913.3,79.376,52.2,3.2211936,37.4,4.0936002,13.07
95,927.61,54.896,55,4.9883762,53.4,7.2029468,13.51
96,921.8744784,68.09384795,70.90865373,2.14658555,96.09530367,2.891294671,12.47944521
97,921.54,43.16,52.5,23.5549782,68,29.8407796,19.38
98,916.52,51.638,190.8,7.4042714,198,8.388525,91.69
99,921.39,46.67,46,1.7000744,72.7,2.2145706,38.09
100,918.9,77.558,212,1.1855782,154.1,1.8342908,62.1
101,919.56,78.476,179.3,5.9502604,192.2,6.9792528,20.19
102,919.4478167,61.5186601,53.18264797,14.40562685,72.12874178,17.6112668,19.53916528
103,921.5,54.536,220,5.0107456,234.9,6.4423872,82.28
104,919.7734056,68.72379995,55.22713277,16.12642905,74.30451646,20.82389079,15.05815004
105,917.4,73.868,181.7,4.138339,189.8,4.7646822,58.91
106,914.95,47.21,183.9,7.6279654,191.2,8.612219,90.68
107,918.1229673,69.6873731,224.5948837,3.65013425,242.0776685,4.774079056,17.1085399
108,920.36,74.192,56.1,4.7199434,72.7,5.5699806,14.73
109,923.62,62.6,63.7,4.9436374,75.5,6.0621074,28.55
110,922.7114407,47.52111016,198.5919491,6.11125373,215.4258051,7.451948553,50.75183903
111,915.29,58.82,182.6,15.6138412,189,,21.5
112,916.45,62.654,193.7,3.5343652,208.8,4.4291412,47.43
113,922.88,53.744,186.9,2.8185444,223.2,3.6685816,28.68
114,915.1,47.138,189.8,3.8922756,215.5,5.480503,72.29
115,918.29,75.236,210.9,2.3040482,232.8,2.9751302,35.96
116,919.5613327,69.16552065,137.1448756,1.382894185,123.0190307,2.031606785,15.93544664
117,917.3973494,79.24467791,97.26776438,1.110306816,95.5933601,1.542676075,13.36818385
118,918.2,65.984,172.5,2.8856526,210.3,3.7580592,13.85
119,915.17,51.17,235.3,1.565858,237.4,2.4158952,89.85
120,920.7,76.172,190.9,6.263432,199.6,7.270055,35.85
121,920.59,75.002,89.7,1.1632088,91.1,1.789552,13.92
122,918.32,74.732,239.5,2.0579848,273.4,3.019869,27.48
123,920.18,62.744,32.6,3.019869,51.3,3.8251674,45.21
124,913.61,79.628,180.5,3.2659324,187.9,3.7580592,12.76
125,923.3172954,70.34564733,194.7326523,4.181992575,219.3140312,5.402380134,18.35525613
126,917.69,75.038,79.7,3.131716,82.8,4.8317904,48.53
127,923.3242454,57.18647316,44.70418577,9.994809533,66.6391055,12.92188913,17.44536238
128,916.04,88.844,176,1.4092722,112.8,2.1922012,7.37
129,923.485042,68.45261063,38.37667759,4.671545946,64.92977632,6.483996384,18.39975068
130,916.5,76.928,159.1,1.2974252,206.2,1.9237684,42.52
131,918,66.866,198.4,2.684328,210.8,3.2659324,62.27
132,916.27,71.726,189.5,12.2136924,194.9,13.4440094,16.09
133,919.61,70.25,119.4,3.4001488,162.6,5.0778538,19.64
134,920.201586,57.81023706,80.48035523,5.38511667,93.97028884,7.435259553,14.3792334
135,918.8,48.416,24.8,2.0579848,60.1,2.9527608,65.12
136,921.6348996,65.89729045,73.48641858,3.016972003,93.28223484,4.018967337,10.72026911
137,919.08,72.752,166,2.460634,198.9,3.131716,41.95
138,913.06,64.814,139.9,1.1855782,184,1.9461378,60.8
139,921.9332984,64.61826922,73.21344511,3.815591981,92.03319361,4.733501,12.2849738
140,917.21,75.416,173.5,2.3040482,194.5,3.1540854,48.57
141,923.8315596,50.00212297,198.8891603,5.9064336,215.506795,7.165717543,39.93988672
142,921.1862235,71.20382278,214.2489384,1.690793397,173.3888784,2.673681467,17.10315068
143,915.56,57.308,180,9.4846256,185.1,10.3794016,37.21
144,918.77,68.648,160.3,2.1474624,198.4,2.9527608,34.08
145,914.97,73.688,188.2,2.2593094,186.6,3.0646078,40.98
146,924.722875,61.12808283,40.67343578,8.576565466,65.42982736,11.44865044,17.20774274
147,916.79,76.424,186.4,2.3935258,190.2,3.2883018,33.11
148,916.55,57.956,174.4,3.131716,195,4.0712308,60.46
149,919.66,66.92,105.4,2.2145706,147,3.1988242,28.14
150,923.1877827,56.53274375,50.09369378,7.695570649,56.99795789,9.427236293,13.49691652
151,916.55,53.51,205.8,3.802798,226.1,4.9436374,84.48
152,917.22,79.952,52.8,3.6014734,68.6,4.585727,23.25
153,919.9,56.048,58.8,3.8699062,70.3,4.5409882,18.95
154,921.7,53.564,48.2,5.256809,64.4,6.8002976,19.89
155,919.27,50.054,37.8,2.9303914,63.9,3.9593838,70.76
156,926.1773682,66.06856811,56.82077877,16.99667398,69.30130963,20.49697829,14.58678058
157,921.5741147,75.25061053,225.3022069,1.963296053,251.3447767,2.648661988,43.52907512
158,918.32,55.454,47.9,6.4647566,63.6,7.8516594,24.28
159,915.7,56.534,143.5,1.6329662,174,2.1698318,81.99
160,921.507308,73.19115622,165.5487395,3.390924927,206.1791945,5.577992393,13.80796287
161,917.6,47.66,204,1.6105968,183.2,2.23694,89.84
162,920.77,70.718,181,4.4067718,188.2,5.0778538,13.16
163,915.6968387,86.23975056,234.1895664,1.742951989,125.5030256,2.503003987,8.810402446
164,913.7,64.886,185.9,3.467257,197,4.0936002,38.22
165,921.2110659,59.81076306,55.303143,17.89629188,76.74202225,23.43976847,8.762945026
166,920.9,60.314,214.5,2.3040482,239.3,2.8856526,62.44
167,918.7138944,65.21846162,65.723783,5.723355288,79.36463343,7.095593332,18.6347566
168,917.7062236,81.45133349,121.8818116,1.734641613,83.95062116,2.427703597,15.90510835
169,919.6,46.922,205.6,16.2401844,214.7,18.0521058,91.34
170,925.96,56.966,51.7,17.8731506,66.3,22.2799224,15.36
171,918.98,78.944,268,1.565858,241.1,2.1027236,36.35
172,917.7,74.786,40.2,6.6660812,59.5,8.2990474,22.33
173,919.9030809,55.96469778,48.10559492,8.828660563,64.13454679,11.03419158,20.43537504
174,923.61,58.406,47.7,10.6030956,67.1,13.6229646,17.98
175,915.15,84.236,203.6,1.11847,212.6,1.8342908,35.47
176,922.17,56.696,48.4,12.2136924,64.9,15.5914718,14.93
177,915.9,,183.3,4.7199434,189.9,5.3462866,29.26
178,918.4,60.926,189.3,5.1897008,195.6,5.6818276,13.16
179,919.4779271,68.06004299,47.04658845,10.56738329,64.8812473,13.6928726,9.374424197
180,916.1,51.224,199.9,3.2659324,220.1,4.026492,88.43
181,915.63,72.356,165.3,3.802798,179,5.256809,52.34
182,919,61.25,182.2,5.6147194,191.5,6.7331894,32.16
183,916.8176734,84.28745579,208.1183495,1.892737962,108.3191396,3.085170344,13.6867076
184,914.98,84.362,178.4,1.4316416,209.3,1.9685072,37.64
185,918.8767448,77.0837053,183.3776772,4.324869059,193.009675,5.06360032,10.07382203
186,916.5,71.042,102.3,2.4158952,49.1,3.2211936,49.01
187,922.1878752,56.86397406,48.38159909,12.29836798,64.9026287,15.68908393,14.94945239
188,922.57,69.368,193.5,2.6395892,220.2,3.6014734,19.95
189,924.14,55.562,222.4,3.243563,239.7,4.0488614,90.66
190,919.74,57.506,212.9,1.9685072,245.8,2.8185444,37.44
191,924.05,47.246,47.9,13.980875,68.3,17.8507812,16.71
192,920.59,42.62,163.8,5.256809,186.2,6.9121446,36.79
193,917.8,66.002,157,2.2816788,180.9,3.3106712,32.06
194,919.36,48.74,280.9,2.5277422,274.8,3.6685816,90.7
195,918.3914977,73.16857813,181.7207583,1.63004495,185.8775567,2.24738385,11.81458456
196,911.7,47.804,190.1,3.3106712,217.7,4.0712308,90.09
197,920.93,75.434,40.2,2.1474624,65.1,2.9751302,15.09
198,922.698232,60.27479795,137.9249417,3.300545669,147.139294,5.146777719,19.8183735
199,922.9020623,60.81012419,269.1748773,1.906562783,232.723131,2.449735011,8.3099531
200,920.4057949,49.68650273,46.5963782,10.22502142,66.41307861,13.19277025,23.07243455
201,924.3902265,66.09908715,63.31115419,9.650178615,72.45162892,11.31602568,13.09353397
202,916.4,50.666,134.3,1.006623,172.3,1.4987498,91.15
203,913.52,62.51,182.9,8.3214168,189.1,9.3056704,40.25
204,907.99,41.36,161.2,12.2584312,187.7,17.7613036,89.68
205,917.65,84.272,204,1.0513618,242.5,1.6105968,16.68
206,920,74.894,46.7,6.9792528,64.8,8.9701294,27.36
207,915.49,59.324,162.1,3.3777794,180.8,4.5633576,66.45
208,922.89,63.176,183.6,4.4067718,198.5,5.7265664,31.74
209,918.3,64.004,71.7,6.6213424,82.5,8.0306146,8.73
210,918.14,79.106,244.3,2.2816788,230.5,2.8856526,20.13
211,918.3095406,75.05238781,183.2677142,2.013337411,187.5795237,2.665303283,10.67546224
212,923.8852213,58.60710231,47.01875913,11.21570137,66.5550073,14.47634577,17.3082965
213,921.54,45.284,192.1,8.4108944,200.2,9.3727786,77.13
214,920.627327,78.66944499,95.56109178,2.901135951,124.8664049,3.968540654,18.10408267
215,917.24,45.482,153.8,7.2253162,78,10.5583568,55.88
216,918.88,60.692,178.8,4.362033,185.4,4.921268,34.77
217,923.6,40.622,130.9,1.7224438,163.1,2.7514362,79.26
218,921.1268634,48.61428416,42.3551878,11.3135682,65.46714208,15.0339002,28.24334024
219,921.6140613,60.53349648,35.94690682,4.472759068,55.81514063,5.664554056,11.81543762
220,923.7574672,70.92150085,195.4587087,5.090498516,218.7921781,6.46314964,17.41592061
221,919.0364128,74.21498778,108.7555383,2.924410013,59.47563149,3.618356966,13.41607864
222,915.5,68.81,177.4,3.5567346,195.7,4.585727,50.36
223,917.8075395,79.46219997,126.2423615,1.465764042,70.00171833,1.96225087,14.86957859
224,918.71,40.46,214.5,16.1283374,222.4,18.2757998,79.78
225,916.31,79.502,175.7,6.71082,187,8.1424616,24.16
226,914.7,63.572,171.9,8.5674802,182.8,10.625465,51.62
227,917.86,66.776,207.6,1.5211192,241.5,2.3040482,51.97
228,920.4809981,65.5192357,111.7479205,3.77668495,52.27047864,4.586099132,22.89603974
229,919.28,72.644,95.9,4.7199434,85.6,5.8831522,47.51
230,915.6,56.282,178.3,3.1988242,201.7,4.1607084,89.95
231,918.9,76.874,343.4,2.8632832,147.8,3.6685816,32.28
232,917.4,70.322,176.2,6.1292156,184,7.1358386,49.43
233,921.65,62.87,56.7,10.7149426,77.3,13.7124422,21.11
234,915.61,69.314,46.7,10.9162672,64.5,14.204569,8.3
235,915.8361258,70.55233656,178.2177358,3.337398212,186.3637652,4.142721001,10.91538616
236,922.18,42.476,195.4,7.1358386,208.5,8.4556332,84.08
237,923.5521786,71.09229021,197.674723,3.942863916,210.8224238,5.165807062,13.30978526
238,921.4455101,62.93208054,65.04693863,9.134018007,80.4816318,11.65902058,16.54143045
239,920.85,57.398,47.5,9.1267152,58.9,10.6030956,13.49
240,920.02,49.946,183.4,8.388525,193.7,9.8201666,50.36
241,921.34,62.402,59.1,11.8334126,86.3,16.5757254,20.63
242,916.5815039,75.22466243,177.4437013,6.690025815,185.4677636,7.53528201,15.48874732
243,922.32,55.526,215.9,9.395148,228.5,10.849159,91.12
244,917.08,63.968,220,3.4896264,230,4.362033,22.56
245,920.0421425,65.20178968,122.9616493,3.626740706,48.25147194,4.628611525,24.3668217
246,920.5,40.838,185.3,5.5699806,203.3,6.9792528,70.31
247,916.45,74.318,129.3,1.0513618,102.2,1.7671826,24.75
248,915.4,45.392,249.3,11.2070694,289.7,15.0098674,90.47
249,919.55,59.09,49,20.8930196,58.5,24.6958176,12.86
250,917.6,74.93,63.9,11.6544574,84.7,15.099345,53.83
251,921.3913192,68.22350765,199.1894024,4.538617584,208.4446444,5.40260097,10.45281845
252,917.56,68.612,171.6,7.605596,179.6,8.6793272,40.14
253,923.9079209,72.72259406,225.4066007,2.611461343,222.4772277,3.461424717,16.69798676
254,918.1,73.454,198.9,1.454011,175.3,2.23694,19.25
255,919.6158852,71.29991157,47.04243047,4.266622538,80.47154209,6.046422157,14.42305345
256,914.06,68.63,180,3.9817532,200.2,5.0778538,59.21
257,915.2653904,80.31328745,147.9977025,1.381721488,145.4863187,1.838716306,19.29905188
258,923.054433,65.16357022,151.842544,3.544045494,181.1710081,4.943764538,11.99979093
259,914.83,74.57,175.5,1.4092722,153.8,2.23694,47.51
260,916.65,89.402,185.2,1.7224438,217.5,2.1922012,12.05
261,919.47,84.578,53,3.131716,78,3.9817532,16.74
262,923.5966068,58.38059785,47.73775266,10.63627255,67.14584251,13.67142306,17.99087636
263,915.1019014,73.21167026,210.4389883,1.359570338,126.3068145,1.988785063,22.7612053
264,919.71,70.286,149.3,2.796175,233.4,5.144962,12.21
265,916.9,68.378,333,0.6934514,143.8,1.2750558,20.19
266,923.78,64.454,150.3,4.0041226,179.1,5.5699806,10.97
267,922.85,63.086,47.7,15.434886,65,19.3047922,15.67
268,920.4,59.54,277.8,1.9461378,257.4,2.4830034,43.63
269,920.5277587,60.43336922,55.19383295,12.48279264,73.42785151,15.31898188,18.13637262
270,921.4611652,63.11632857,65.07102334,9.38454164,80.62614005,11.99709279,16.22531864
271,923.82,64.364,126.4,2.9751302,63.8,3.467257,22.19
272,915.73,45.734,182.2,7.3147938,190.1,8.500372,90.61
273,917.15,49.37,169,10.2004464,184.6,12.6610804,34.7
274,922.7542207,50.31093889,47.771267,13.45038354,67.99995535,17.76127697,28.34741392
275,920.6319977,68.61954067,192.6645154,3.9575881,221.7386317,5.106171337,15.45566476
276,917.0108508,85.71935991,116.2586699,2.327021942,49.72975715,3.09794544,15.66874657
277,920.48,62.6,194.4,2.7514362,,3.8699062,52.58
278,916.4,78.512,182.5,3.914645,191.6,4.6304658,34.71
279,915.71,86.342,234.3,1.7448132,125.5,2.5053728,8.68
280,913.8,68.954,139.6,2.23694,188.5,3.5343652,35.16
281,929.32,49.982,107.7,1.789552,152.6,3.0422384,11.34
282,920.8759517,74.20858416,60.52244272,8.161792183,76.01683204,10.26903163,15.66055566
283,919.84,49.532,220.9,5.9502604,232.1,6.9568834,91.4
284,920.9025993,56.99471668,70.74353221,2.901722608,63.99951283,3.511527166,21.67838488
285,919.8622252,75.40805734,220.8597052,1.644036217,159.9642197,2.555761291,14.79946385
286,913.6332677,82.66416426,206.3715931,1.311490874,165.0858179,1.907801164,15.61173428
287,913.49,51.098,169.3,5.3015478,192.3,6.7779282,76.05
288,913.26,48.254,235.9,11.4978716,252.6,14.1821996,89.75
289,918.55,52.754,175.3,3.019869,202.5,4.4291412,66.2
290,921.5654424,64.34359081,65.23144978,11.05326069,81.58869867,14.24896635,14.11972166
291,918.3,51.836,203.5,1.677705,189.8,2.2593094,61.38
292,916.8678815,81.45214955,91.34080647,1.876678521,122.7171291,2.651073695,27.88601462
293,917.8037736,77.0278835,178.4783736,5.352933499,192.9531575,6.366609824,19.9366652
294,916.4723882,75.9300745,177.8555033,4.900103325,193.524122,5.902168621,19.74461351
295,920.3305959,72.24249065,149.9188291,2.815387376,179.0964804,3.963595764,18.83472065
296,916.12,49.082,212.2,1.7000744,232.5,2.572481,77.33
297,917.3,73.616,147.7,2.4158952,175.2,3.467257,12.99
298,923.2818523,48.74219853,46.5709468,14.15724013,67.53410494,18.20855047,17.25063181
299,923.21,43.862,264.5,1.2526864,203.3,1.9685072,85
300,915.6,77.918,35.1,3.5119958,50.2,4.4515106,24.71
301,913.34,57.218,215,3.7133204,224.4,4.47388,81.77
302,916.75,61.574,79.7,2.5501116,96.5,3.1540854,35.24
303,918.59,51.08,78.1,4.697574,91.5,5.7265664,46.23
304,919.5763366,63.60195396,72.85668006,6.086013317,85.61107052,7.3882197,10.01830228
305,916.1,56.426,184.1,10.2451852,194.8,12.079476,22.64
306,913.97,72.824,219.7,1.4987498,125.9,2.1922012,25.92
307,917.9558332,78.38301444,40.39898136,5.73771025,57.7944455,7.192632706,19.42487217
308,920.0422643,69.22872653,47.21579864,21.18064407,64.21894095,26.44910475,14.76320266
309,919.1,84.146,247,1.7224438,63.3,2.684328,28.29
310,918.03,44.06,165,7.5161184,186.8,9.9096442,90.43
311,919.49,85.55,95.8,3.1764548,51.2,4.0488614,16.08
312,915.1,89.78,159.5,2.6395892,189.2,3.7580592,30.27
313,916.5427326,76.53272584,174.008328,3.729839123,184.9302538,4.7199434,12.40234867
314,919.4138095,67.50973314,143.6927257,1.10993661,125.4195178,1.779403225,16.46413937
315,917.09,63.266,175.5,6.7331894,186.3,7.9635064,62.82
316,917.93,48.056,258.2,2.684328,287.6,3.8922756,82.81
317,913.2,63.374,178.8,7.2253162,189.7,8.500372,49.18
318,919.76,54.284,214,4.2054472,223.5,4.921268,17.77
319,921.9,78.206,50.7,5.368656,74.5,7.4490102,13.49
320,918.1,58.766,188.1,4.6304658,199.9,5.8607828,87.9
321,921.9102504,53.60209408,47.63037166,12.12761178,65.79789973,15.60581857,17.36394962
322,926.7620317,54.7048843,54.02433425,5.026891007,54.97828283,7.145174589,14.42540404
323,918.1,44.726,185.9,9.0148682,196.8,10.737312,87.27
324,917.54,71.384,219.5,2.1698318,202.4,2.7066974,75.48
325,920.4,79.178,205,1.6553356,233.7,2.3711564,40.04
326,926.55,62.762,67.8,14.8309122,88.8,18.790296,11.22
327,916.3,58.496,175,4.0712308,182.4,4.7199434,24.05
328,921.4118864,62.02707785,63.20843848,8.247016861,79.12553762,10.4455477,19.01460029
329,919.4216453,68.22001132,140.3023937,1.216893216,123.644714,1.865605816,16.41271205
330,918.1,61.988,191.1,11.0504836,199.4,12.7281886,19.24
331,918.9020905,73.50249595,177.3280285,0.958510766,128.8283933,1.439668078,12.87453981
332,918.6948668,74.67577296,36.53826746,2.644399729,69.28693503,3.479075859,10.83953628
333,919.92,52.214,94.5,1.9908766,85.3,2.7738056,60.33
334,916.23,75.74,149.1,2.7514362,187.5,4.1830778,31.88
335,913.2,39.02,185.8,8.8135436,200.8,11.072853,91.42
336,912.89,45.32,213.4,21.25093,220.5,23.5773476,84.09
337,924.72,63.518,29.7,1.3645334,47.7,1.8119214,7.32
338,912.8,42.512,190.8,11.3860246,198.1,12.7281886,89.77
339,916.4,72.968,175.9,3.1988242,186.4,3.9593838,19.96
340,920.5194575,81.37174566,159.7225354,2.614439223,190.3693735,3.539454826,15.82215431
341,921.48,76.622,195.8,4.2054472,213.5,5.3910254,19.08
342,908.42,46.112,174,16.217815,212.4,21.2732994,91.17
343,916.28,47.858,52,10.625465,68.4,13.6900728,57.7
344,917.06,79.178,218.8,1.4987498,215.7,2.2145706,34.3
345,920.53,81.95,59.3,10.1557076,79.3,12.7058192,19.8
346,919.9688186,66.6956673,64.42289391,9.361890964,74.97891479,10.8475151,17.82731464
347,920.1812947,58.90810931,57.9008855,9.395120679,75.72433588,11.73543121,18.93314198
348,915.69,43.646,177.9,9.171454,187.3,11.1175918,91.88
349,923.0384033,60.63699846,51.00012096,17.0708015,63.70229822,22.10491764,8.902153072
350,917.12,45.896,179.2,3.4001488,195,3.9817532,89.03
351,917.15,59.954,191.4,6.6884506,198.2,7.381902,20.12
352,925.28,66.47,49.4,11.2294388,77.9,15.3454084,13.93
353,919.7073418,68.27722271,228.9312659,3.95103064,245.8246833,5.183273101,14.76524046
354,922.8213104,67.81330144,55.75765832,9.555245,68.8572785,11.55889198,14.89222774
355,917.6,81.914,90.4,1.677705,121.4,2.348787,29.99
356,919.11,58.46,38,2.1698318,60.1,2.8185444,32.7
357,921.6848174,61.05388861,55.95905705,10.9939139,75.86412607,13.95291529,17.74130451
358,917.44,58.514,55.1,10.0214912,,12.7058192,13.88
359,923.9819454,68.21749494,38.6507052,5.170105725,64.89323931,7.160321329,18.27735168
360,919.0136723,62.59743172,166.8471586,3.643050208,190.0700122,4.869821116,22.37015948
361,920.4449457,65.80184531,49.8233462,21.52017709,61.88694438,25.54911195,12.27871544
362,926.5,71.114,52.8,12.1018454,68.6,14.8085428,13.94
363,920.0038902,69.31791272,197.6057207,4.670853574,210.0279175,6.047160368,13.76670499
364,917.7,65.372,85.9,3.0646078,90.6,4.5409882,22.93
365,917.85,65.372,129.9,1.454011,176.2,2.23694,39.37
366,924.94,57.164,53.2,14.0256138,69.5,18.6560796,19.24
367,918.1,49.946,124.3,1.454011,144.1,2.23694,91.87
368,924.789568,71.20520678,227.9018441,2.522801012,222.9165701,3.373798753,15.13919915
369,916.32,63.032,68.9,3.9593838,79.3,4.6528352,37.05
370,917.35,74.948,190.1,1.3197946,215.6,1.9237684,57.9
371,917.8,75.902,161.9,8.7464354,183.5,12.5939722,42.09
372,911.45,66.326,66.2,1.8342908,78.1,2.8856526,47.61
373,918.3,78.854,88.4,2.8409138,108.4,3.9370144,15.77
374,916.4752029,78.65687296,120.9,2.639039347,132.5625478,3.39497844,17.63831369
375,918.0264534,73.44189552,182.9329452,1.366093834,185.8562013,2.032277076,10.41924474
376,916.9860065,75.84382067,150.2389512,1.30391354,142.6246944,1.889003196,17.43009839
377,915.92,47.444,204.7,4.1159696,224.1,5.3462866,72.38
378,924.1,64.706,62.9,10.5807262,72.5,12.3926476,13.05
379,916.63,65.228,188.5,1.1855782,225.7,1.8342908,15.09
380,917.2,74.138,176,3.0646078,191.4,3.7133204,13.32
381,918.48,66.542,90.9,3.467257,89.4,4.4067718,20.64
382,921.11,63.968,36.1,3.2883018,57.2,4.026492,26.6
383,918.6370623,73.42994491,181.4674754,1.024885233,186.3940328,1.634550395,12.96076068
384,922.1838463,54.79058849,48.07333865,6.611144735,65.08397128,8.528633998,19.40615365
385,913.07,57.614,217.2,2.5501116,239.7,3.2211936,76.67
386,913.32,79.214,95.9,2.8409138,129.1,4.1159696,17.69
387,914.63,55.4,191.1,5.368656,199.6,6.4200178,91.49
388,915.71,78.044,53.1,4.2725554,72.7,5.1897008,26.53
389,916.5,74.588,101.2,1.8342908,132.4,2.5948504,33.73
390,914.1317359,82.58315211,120.8103396,2.577089777,139.2395463,3.399743453,19.91117711
391,920,68.054,197.1,4.6752046,209.6,6.151585,14.5
392,919.58,62.114,192.3,4.5633576,207.6,5.6594582,76.03
393,921.6436746,68.89438461,194.7975764,3.37330212,216.3793584,4.520630245,17.9856135
394,917.3966172,78.69746778,134.9097068,2.637338559,40.85169294,3.771115841,22.81590461
395,922.254438,61.78811046,282.2708711,1.866895169,232.5231382,2.425626104,8.596749102
396,917.1,58.64,185.3,10.2451852,191.3,11.5873492,28.13
397,924.08,60.08,54.2,18.9245124,72.1,23.5549782,13.13
398,917.7,56.264,199.3,3.5567346,211.8,4.697574,75.16
399,925.63,59.882,42.7,15.099345,63.1,19.8863966,13.05
400,916.7370565,77.37667411,184.1935057,3.334137998,201.3326117,4.048377157,31.21607683
401,921.5105339,60.51021538,45.95311769,20.72438109,58.41830375,25.52754984,11.45801709
402,912.98,46.994,190.2,5.6594582,202.6,6.822667,91.33
403,912.3,74.552,164.4,3.7580592,182.8,4.809421,34.16
404,923.8,59.972,209.4,3.0422384,242.1,4.3396636,32.3
405,924.16,61.88,111.8,3.4448876,119,4.809421,15.21
406,920.91,66.416,198.1,4.0712308,210.7,4.8317904,13.42
407,918.69,48.902,200.4,4.47388,222.1,6.0844768,77.7
408,921.8,53.492,305.9,3.0869772,275.6,4.2054472,23.67
409,,67.85383333,65.88061552,4.32859364,78.57092328,5.216734221,18.48738543
410,923.95,48.182,28.9,4.1830778,44.7,5.144962,74.21
411,922.8084455,60.06418129,136.5277702,3.378980958,148.027201,5.268364379,19.82925713
412,922.99,59.486,137.5,3.3777794,147.2,5.2791784,19.84
413,926.77,65.696,47.7,9.9096442,65.6,12.7281886,11.4
414,922.2,58.298,41.3,4.6752046,55.8,5.7489358,32.4
415,915.3,51.512,179.4,5.0778538,186.5,5.7489358,68.52
416,918.5111396,77.62439967,127.5615123,2.130714809,45.58529595,2.858198612,16.13129142
417,921.2386105,68.19483703,50.44668658,14.30845427,62.71109452,17.23625393,17.41872379
418,915.03,72.428,162,2.3711564,190.8,3.3106712,43.19
419,918.3,64.886,140.6,3.7580592,90.6,4.809421,36.04
420,917.0147568,82.08455393,205.6387433,1.273779328,239.6828346,1.857727387,17.8492157
421,918.37,65.318,188.3,6.2186932,209.7,7.5608572,20.46
422,920.64,53.888,42,14.763804,64.9,19.4390086,19.11
423,921.09,70.124,182.8,2.908022,204.5,3.5343652,43.95
424,915.3,80.276,148.7,1.342164,145.6,1.789552,19.27
425,923.8339962,68.39986219,57.12574792,13.09782124,78.70342491,17.16838282,9.777602566
426,919.39,65.876,184.8,3.9593838,192.8,4.809421,48.17
427,919.09,56.174,21.7,5.3239172,40.6,6.375279,40.08
428,914.36,59.918,175.3,4.8765292,187.8,5.8607828,74.25
429,920.11,61.142,236.7,3.6238428,188,4.6528352,28.64
430,914.1065881,73.76724585,219.0630267,1.503156618,124.8099219,2.218642107,25.06369772
431,920.5354071,68.68930518,47.5565148,13.00492854,65.87394081,16.72353156,10.28910353
432,919.01,60.044,147.8,2.348787,62.9,2.908022,28.47
433,919.5797521,68.56876297,71.32360231,5.442571736,80.382763,6.483478103,9.021708209
434,918.16,72.32,206.2,2.125093,242.8,2.9751302,44.85
435,922.9187405,59.52882277,45.5093643,17.68292319,61.04871813,22.03106575,12.96527314
436,916.1,76.352,138.6,5.033115,161.6,5.7713052,30.93
437,923.1567033,69.84222257,197.226282,5.676675693,215.1934067,6.981690518,14.91156137
438,915.91,41.864,160.8,2.908022,82.9,4.697574,91.6
439,917.2,54.392,60.6,7.7621818,73.7,9.059607,20.89
440,917.83,73.04,145.4,2.8185444,38.3,4.1607084,25.4
441,918.78,73.148,36.3,2.2816788,46.7,2.7738056,26.27
442,920.9570212,65.23695711,75.12130184,3.891116646,92.48473081,5.187466809,9.161148737
443,917.58,63.968,161.8,0.8724066,139.8,1.565858,22.38
444,923.9946532,71.86255895,227.5375897,2.994232455,227.5390245,3.957259197,15.61895456
445,920.5189681,68.66170684,55.41630533,15.95716198,74.70511718,20.64466684,14.45057228
446,914.9,72.14,89.8,1.5882274,59.1,2.2816788,18.78
447,919.6439977,64.23715803,88.58946569,16.04767469,112.3313129,19.95423401,18.27250895
448,921.86,54.176,215.2,4.0712308,242.5,5.5476112,20.78
449,918.7814078,75.2646836,291.5432172,2.096383108,153.0930703,2.803396893,22.68373007
450,922.7179767,72.05570529,67.91932314,6.522739585,92.21717612,8.328620917,12.99786028
451,918.36,56.714,49.8,1.4092722,85.8,2.013246,62.89
452,920.5630801,73.25469603,68.45091185,4.491629747,99.30064156,5.952553282,12.10284365
453,922.1634285,60.73776658,62.9966711,5.583109569,75.09161548,6.742180977,26.81209698
454,920.4,81.914,56.3,9.6859502,74.1,12.2584312,8
455,918.3,83.894,62.2,2.7066974,74.6,3.35541,19.12
456,918.8,80.384,189.6,1.7671826,80.3,2.7738056,24.59
457,920.57,65.138,308.5,2.013246,123.5,2.7514362,17.16
458,919.63724,76.10327975,175.3678679,3.411109146,43.43943164,4.85849741,26.61881505
459,918.26,82.4,211.6,2.0579848,88.9,2.9527608,10.76
460,916.3,63.302,184.8,6.1292156,201.2,7.6950736,13.83
461,915.6,87.314,15.5,3.2883018,45.3,4.6304658,23.16
462,918.79,52.232,201,4.809421,214.9,6.0844768,32.08
463,918.65,73.184,174.1,8.276678,185.3,10.1557076,47.53
464,916.33,68.414,170,6.2410626,183.5,7.5832266,31.22
465,915.64,66.47,181.5,9.3727786,187.4,10.2004464,14.71
466,913.83,52.286,175.2,5.5028724,182,6.3529096,52.37
467,922.1,54.14,85,1.4316416,94.8,1.901399,90.84
468,915.2,66.56,48.9,4.47388,59.9,5.2120702,38.4
469,918.6,56.948,157,1.5434886,160,2.348787,64.72
470,917.1,52.088,173.8,3.2883018,201,4.9883762,90.58
471,917.4,74.048,182.1,3.0869772,201.1,3.8922756,36.13
472,914.61,49.442,178.9,6.2858014,190.2,7.5161184,79.46
473,920.32,65.462,48,14.875651,64.1,18.4100162,8.04
474,908.97,48.686,147.7,8.0082452,183.1,10.5807262,91.89
475,922.2399667,74.33019242,144.7258731,1.163097198,95.82487527,1.833570672,14.73920053
476,917.18,62.834,186.3,3.2211936,197.7,4.026492,36.63
477,915.3745951,72.99481725,214.8930543,2.200839329,231.1044261,2.89063635,27.03081148
478,920.9692432,69.01193103,197.2028375,4.468167476,210.0370592,5.892788595,14.29432506
479,918.94,46.634,260.2,2.7738056,287.2,4.0041226,76.02
480,917.3344109,67.00316846,66.15487161,4.738371951,79.24146525,5.786874214,18.72097432
481,915.55,73.76,182.4,9.3727786,193.4,10.9386366,31.7
482,915.7,60.512,79.1,8.2319392,88.3,9.4398868,16.79
483,920.8,65.084,75.5,4.0936002,92.3,5.4581336,8.8
484,923.63,53.744,54.4,2.8409138,87.7,4.0488614,33.72
485,918.49,69.512,149.5,1.9237684,155.5,2.7066974,52.4
486,919.19,73.904,68.8,3.1988242,103.8,4.4515106,11.49
487,920.59,47.804,127.6,2.2816788,156.9,2.9751302,79.3
488,922.1314417,59.93227386,166.2371166,2.167788868,195.8876278,3.042690663,12.01768407
489,922.98,63.374,125.3,3.6462122,98.6,5.4133948,15.84
490,917.4,77.234,230.7,1.8566602,201.8,2.6395892,14.31
491,921.1399556,61.71375643,110.3750925,4.025592225,53.62885584,4.831773845,23.58245375
492,920.66,70.556,47.3,11.9228902,66.9,15.7480576,11.59
493,913.63,45.356,185.6,9.6412114,197.2,11.743935,64.9
494,915.6,70.286,121.7,1.7671826,165.3,2.5277422,52.36
495,916.23,65.822,165.5,7.3371632,183,9.9096442,40.51
496,919.9806643,64.09209944,51.97141163,22.09173287,73.35195724,27.53505969,12.64710564
497,921.36,47.048,46,11.9452596,67.7,15.6362106,22.52
498,912.65,68.27,123.2,1.677705,175.3,2.684328,53.18
499,919.5,79.862,97.7,1.4763804,144.4,2.23694,8.48
500,923.72,58.208,191.2,4.8317904,99.5,7.493749,20.94
501,922.5730654,58.73324309,55.14842036,18.40590898,75.26140119,23.63748329,10.75368011
502,914.95,39.524,274.2,2.1698318,263,2.8632832,91.23
503,919.7381606,67.4327443,147.4708815,1.157775334,129.9818192,1.899000036,15.44118585
504,920.02,81.644,209.2,1.901399,70.4,2.8856526,29.46
505,922.6394891,72.48003163,68.51617261,5.106287101,75.84320379,5.952700857,10.81813497
506,917.29,78.206,51.5,7.1805774,68,9.1938234,21.87
507,914.62,66.128,172.4,7.6503348,187,9.5964726,46.7
508,917.36,60.512,179.9,3.6462122,198.5,4.5409882,74.44
509,918.9775162,53.63588118,47.48905237,7.650124863,64.48678172,9.535366158,23.89933272
510,918.09,68.864,54.8,16.5086172,73.4,21.2285606,16.43
511,912.99,64.58,172.6,7.0239916,183.7,8.6793272,44.78
512,919.52,62.24,294.2,2.0803542,232.8,3.1764548,39.3
513,917.2,75.614,138.3,1.9461378,128.2,2.7290668,62.54
514,923.27,63.554,78.9,10.5583568,80.2,15.099345,18.67
515,923.6,51.98,307.4,2.9527608,282.9,3.579104,26.22
516,917.4,45.122,215.5,8.1872004,225.4,9.6412114,91.48
517,920.57,53.6,100.1,4.697574,,6.2858014,79.88
518,922.47,50.36,181.1,7.3371632,191.4,8.724066,82.83
519,916.25,55.67,176.4,6.6660812,188.2,,72.55
520,917.33,79.808,198.9,1.9908766,225.8,2.7738056,28.4
521,921.73,57.776,80.6,2.1027236,58.8,2.6619586,23.93
522,922.1416622,66.77042766,149.6426422,3.602571205,178.1139633,5.038349176,11.48071642
523,917.9848317,75.88228356,173.4286689,2.987343292,191.898915,3.683273091,13.93021141
524,917.4,69.926,197.7,4.4515106,214.6,5.6594582,70.84
525,917.4,61.916,251.8,1.7671826,267.4,2.3264176,20.56
526,920.86,66.938,75.4,2.684328,89,3.4448876,17.45
527,917.12,57.398,136.7,1.4987498,100.2,2.125093,51.03
528,920.67,66.056,137.5,1.8342908,46.8,2.4382646,12.57
529,915.5,57.632,188.2,2.4158952,203.7,3.35541,61.65
530,915.31,78.872,212.4,1.6553356,189.8,2.0803542,26.95
531,914.13,49.712,177.7,3.3777794,189.8,3.9817532,90.11
532,913.27,40.1,190.4,12.9295132,201.4,14.9203898,81.45
533,915.87,76.55,224.5,2.1698318,215.8,2.908022,38.72
534,919.42,53.114,199.6,5.8831522,211,7.1358386,67.91
535,913.7,44.33,206,1.7448132,216.5,2.4830034,73.7
536,920.97,59.72,55.5,12.079476,73.7,14.9651286,17.82
537,921.6156984,76.02907552,173.8211847,1.367872031,202.9050699,1.840100132,14.78937917
538,921.17,59.342,180.8,6.822667,190.4,8.2543086,31.23
539,923.5524394,59.60851581,54.53203112,18.74295527,73.20677041,23.58386229,12.29807758
540,921.409125,60.84921067,43.46135747,21.3141794,54.94142903,25.60532544,11.83467852
541,921.4802306,59.68368863,47.12968346,16.57727206,60.80172983,20.11195953,17.09469792
542,922.8088856,68.74555103,198.2709474,4.191824642,209.1927438,5.236938698,11.97821747
543,921.65,62.87,56.7,10.7149426,77.3,13.7124422,21.11
544,923.4182873,60.4350343,52.16396102,17.74318973,66.75539768,22.62984599,10.43861097
545,917.69,54.824,201.1,2.125093,222.8,2.7514362,90.67
546,,42.746,251.1,12.9295132,274.4,17.6047178,87.87
547,922.2663561,64.18310635,55.8724506,10.16769248,78.99805134,13.32638791,14.35572063
548,914.4,79.916,174.4,3.9370144,190.8,4.8988986,25.39
549,918.8654987,69.16907875,45.36711473,3.808706671,82.24797775,5.44993317,14.75482484
550,915.8085372,73.21752188,215.6293677,2.179238163,232.5468761,2.867685111,28.50887012
551,920.87,42.692,209.6,5.3239172,217.5,6.0173686,92.1
552,920.2881549,75.76523686,91.57883166,1.271150431,88.19448437,1.897493631,13.22288158
553,922.9620356,62.13138749,195.1266938,4.370476525,204.8885108,5.240068616,17.92168895
554,921.02,73.706,70.9,4.1159696,78,4.7423128,9.35
555,921.22,57.524,56,17.9402588,78.1,23.711564,8.62
556,921.44,61.214,200.5,5.5028724,211.2,7.0910998,13.32
557,917.61,73.022,42.3,4.3396636,64.2,5.59235,6.09
558,915.3,69.53,74.5,1.2974252,95.3,1.677705,23.64
559,922.5,66.74,71.4,1.901399,94.3,2.5277422,12.71
560,922.1741306,62.26758356,47.96625159,16.55276044,63.66874203,20.40892228,15.09448694
561,916.83,80.798,193.8,1.9461378,218.7,2.684328,44.38
562,925.7586492,72.55406499,52.84790635,12.34832177,69.30661872,15.15950372,15.43108526
563,912.5,57.398,123.7,2.6619586,133.8,3.8699062,67.2
564,917.4619004,55.51162424,61.02658021,7.933056319,73.80912517,9.239358118,20.61421094
565,909.86,54.14,159.7,18.7231878,187.9,24.4721236,90
566,918.3553107,64.17368536,53.75770786,14.55859776,72.16820019,17.26493412,19.50949951
567,914.86,48.038,183.6,5.0554844,193,5.9949992,78.99
568,919,69.818,238,1.677705,269.3,2.1698318,69.99
569,921.61,64.868,65.3,11.7663044,82,15.211192,13.22
570,910.34,50.72,174.7,10.7820508,192.7,13.3992706,87.7
571,920.3347769,83.00420473,53.8869959,13.70887679,75.04058694,17.17209332,25.64781918
572,919.4,69.854,119.4,1.006623,158.7,1.9237684,26.49
573,922.7024588,56.99410834,46.2728257,6.004598502,58.30156365,7.924999488,14.41260501
574,923.48,64.472,52.4,9.4846256,67.8,12.079476,12
575,916.64,68.9,195,2.9527608,208,3.6685816,26.01
576,922.473233,66.63978421,71.48565452,1.991812146,94.19293185,2.631926885,12.68992472
577,920.0755911,69.34875007,45.66998109,21.1083898,63.63827344,26.65959626,15.27325813
578,916.7,69.476,302.1,2.1027236,292.8,2.9303914,19.36
579,915.4454464,70.61219232,215.3871566,2.003131628,121.9049451,2.994472967,25.16638737
580,923.634017,62.56051173,62.93070015,13.15324274,87.40077591,17.55082378,16.48667949
581,916.87,67.604,66.3,4.4067718,79.2,5.3462866,18.75
582,917.8482865,72.35953393,174.7154322,2.916904476,191.9762547,3.579044651,13.03427371
583,912.79,41.486,171,8.612219,204.1,11.520241,91.28
584,922.5930641,68.21650832,56.78078065,9.838116036,81.21720479,13.0450881,8.630765356
585,916.25,79.754,48.6,1.0737312,99.8,1.5882274,41.99
586,922.1,62.96,231.6,1.789552,228.8,2.5277422,11.71
587,919.32,67.532,142.6,1.0961006,124.1,1.7448132,16.76
588,918.38,64.166,195.8,5.0107456,205,5.9502604,16.3
589,919.9401109,76.96897212,179.5235946,4.788759632,191.5540599,5.717718473,19.47201277
590,918,60.314,187.5,4.2725554,207.6,5.5476112,35.83
591,920.81,59.072,181.6,9.0148682,186.3,9.9096442,20.05
592,918.9812134,79.76906271,187.8472802,2.358614612,69.13012456,3.55130611,26.11100432
593,925.3,72.77,227.2,2.6619586,221.8,3.5343652,15.79
594,917.54,77.504,150.7,2.1474624,207,3.4448876,35.49
595,920.3048566,59.27547873,38.58008168,5.782927755,59.23580704,7.288502638,13.71033915
596,916.35,44.708,176.1,9.5293644,187.3,11.8110432,92.19
597,920.3726566,75.56837539,183.709306,3.168316887,191.7675125,3.875470011,12.7482237
598,921.16,57.2,188.6,3.0869772,199.5,4.6304658,28.43
599,914.2,72.392,212.9,2.2593094,227.2,2.9527608,23.03
600,916.72,86.936,272,2.1922012,187.2,2.8632832,29.05
601,920.31,83.138,53.2,14.1598302,74.5,17.7389342,26.39
602,922.8831801,69.77771706,194.0165857,3.285986898,219.828704,4.356205907,19.2816672
603,920.8,57.542,211.5,7.0910998,223.7,8.500372,73.17
604,914.07,47.048,319.9,3.7356898,229.9,4.921268,92.14
605,916.47,66.092,65.1,2.572481,83.1,3.3777794,89.08
606,914.87,53.078,210.8,1.3869028,142.5,2.0356154,81.4
607,915.6,76.28,188.4,1.8566602,173.8,2.3711564,21.61
608,917.6,69.656,328.3,1.5211192,227.8,2.348787,13.38
609,924.3182803,71.87335584,196.9072645,5.925072383,216.1900676,7.465310917,15.26333978
610,921.7721683,47.94241404,44.66195145,12.9398806,66.83015742,17.08765891,32.68783799
611,923.87,48.362,199.9,6.1739544,217.5,7.493749,42.84
612,921.1687386,63.98410533,75.02590747,4.718126612,91.24646104,5.96482484,10.46459156
613,919.3,39.956,192.1,1.4092722,108.7,2.1922012,83.81
614,921.09,72.41,180.2,1.2750558,189.6,1.901399,17.3
615,918.2699194,53.55901829,89.81069313,5.085931369,97.3363786,7.974817452,18.65590535
616,917.2,75.506,177.6,7.4042714,182.9,8.2095698,14.35
617,920.24,74.408,173.1,6.487126,180.7,7.3595326,27.88
618,918,59.342,175.6,5.144962,188.1,6.3529096,60.74
619,916.8180715,74.30292525,177.5575635,6.654340972,183.6850752,7.469132162,13.59463032
620,921.2,56.786,192.3,9.5517338,201.4,11.0057448,59.79
621,920.1103502,74.81870794,237.4552092,2.361333411,239.5604456,3.044961821,16.12995176
622,921.88,47.57,45.6,13.2203154,67.4,17.4033932,31.99
623,923.3,58.874,69.8,8.1200922,86.6,10.0214912,33.05
624,916.17,56.57,239.1,7.717443,254.7,9.6635808,70.8
625,912.4,50.774,171.6,,181.4,4.8317904,86.84
626,915.93,64.118,97,3.452344067,120.4,4.324750667,47.22666667
627,921.4331658,64.63477581,72.4034958,5.024051647,92.62351536,6.936517565,9.220569973
628,919.1250905,62.99067247,168.8133624,3.853190247,191.5992818,5.211909552,20.8758446
629,919.511475,55.09340486,213.9508314,4.118457284,223.6653854,4.8332782,18.0051154
630,921.7634017,66.02246657,73.17650186,2.851264734,93.43341373,3.797460682,11.01582384
631,918.35,75.92,126.3,1.6105968,169,2.572481,16.22
632,922.18,75.218,146.3,0.9618842,95.6,1.5434886,14.65
633,918.73,53.96,184.1,5.59235,195.1,7.0910998,33.7
634,919.4074045,64.49647735,54.71052802,8.381485861,68.62703419,10.32079993,16.71937892
635,919.5613761,61.8557198,55.9887825,6.971292337,69.14995648,8.514192559,17.41660863
636,919.48,36.752,311.4,3.5119958,133.9,5.2344396,41.76
637,916.7,49.802,171.7,6.4423872,199.8,9.1043458,80.15
638,922.2212036,69.73657834,53.37770601,16.90820368,72.38752025,21.44342788,9.870100982
639,922.69,69.17,55.2,9.6412114,83.1,13.1308378,7.49
640,922.99,55.76,41.2,9.283301,66.1,12.1018454,16.82
641,922.37,56.48,110.6,1.8790296,90.9,3.1764548,65.54
642,920.75,49.1,179.9,7.8740288,191.4,9.4846256,91.7
643,916.37,76.748,206.7,4.0488614,215.3,4.8317904,18.53
644,917.85,53.312,178.4,1.7000744,197.3,2.7066974,38.36
645,914.25,52.556,179,7.9635064,188.9,9.3727786,49.79
646,920.5677648,59.88705019,55.74994178,17.64193067,77.1206053,23.19415116,10.24746225
647,918.8465982,74.9380125,185.3958612,3.063335637,189.2442459,3.831911189,8.691746315
648,921.6893583,65.95033957,73.35507716,2.946745948,93.34630383,3.925093732,10.84552398
649,919.7627531,77.67214353,179.4192665,5.33070988,191.8554522,6.306343862,19.80702189
650,916.9,73.292,239.7,1.5211192,275.3,2.348787,35.33
651,920.2774169,74.36171745,199.5489821,4.599091431,211.7656778,5.582473139,10.93387416
652,915.47,64.94,174.4,1.2974252,219.9,1.9237684,50.28
653,919.18,74.84,51.7,21.3404076,76.1,26.3511532,9.19
654,926.61,66.974,40.1,7.8069206,64.7,10.737312,17.63
655,916.51,82.22,154.2,2.2145706,81.6,3.0869772,26.74
656,920.83,66.344,,15.4572554,189.4,16.4862478,23.77
657,915.4,69.836,177.4,3.8699062,186.6,4.7199434,10.79
658,919.2829423,63.33495992,44.92114613,4.419148423,80.74229227,6.230537572,16.25865948
659,924.0254996,60.10924157,54.03230641,18.82721552,71.65980432,23.47878185,12.90833003
660,917.04,42.134,171.3,12.415017,190,16.553356,83.25
661,918,75.74,181.7,4.9436374,193.4,6.151585,28.38
662,917.16,90.266,331.8,2.8185444,249.9,4.2949248,20.71
663,912.41,47.48,61.4,8.6345884,73.4,10.6478344,73.83
664,914.43,74.246,176.9,4.2054472,194.4,5.1897008,19.45
665,915.89,49.802,187.3,8.4780026,198.2,10.3570322,92.12
666,923.6682736,60.30090707,52.93314942,18.1894777,68.77451724,22.97934861,11.45538189
667,915,58.01,190.1,1.2079476,246.4,2.23694,73.28
668,920.02,74.552,199.7,4.6528352,211.8,5.6147194,10.73
669,917.3189871,74.06660772,177.1700401,2.643176606,190.1902975,3.28301697,12.95510614
670,910.92,48.362,156.5,,177.5,16.1283374,80.56
671,921.37,60.98,42.5,21.5417322,53.6,25.6353324,11.98
672,922.4489447,72.86377341,,3.682369652,214.1961596,4.849449864,16.75367005
673,914.3,48.182,177.5,2.4830034,203.4,3.1764548,90.97
674,921.4598436,77.05329522,51.78235191,5.990086111,74.5180392,8.118863436,12.93258877
675,920.5981216,53.15492763,44.82549729,5.349240348,73.4216297,7.247049116,19.31840056
676,914.1543889,81.51024959,125.4532936,2.651553969,141.8370439,3.416936676,20.23164433
677,922.357267,74.35871192,166.889017,4.179192563,209.9591329,6.903574224,12.49026787
678,917.3,70.088,183.7,2.6395892,201,3.4225182,36.38
679,914.79,48.272,218.6,5.6147194,171.1,8.0082452,90.89
680,918.94,68.81,248.2,3.35541,59.7,4.5409882,25.98
681,913.5,68.234,181,3.1093466,190.8,3.7580592,50.48
682,921.11,41.234,197.1,17.7613036,114.7,20.356154,89.84
683,923.4,42.692,192.9,2.572481,87.3,3.467257,72.57
684,921.32,60.674,110,4.0936002,54,4.8988986,23.77
685,920.92,74.21,60.9,8.4556332,76.3,10.6702038,15.74
686,916.62,46.922,186.6,8.3661556,192.5,9.5741032,70.61
687,912.39,41.522,35.3,3.8475368,50.5,4.5633576,86.74
688,918.9445621,62.35351331,165.6275666,3.512705065,189.1214407,4.657631348,23.29704941
689,916.28,71.69,185.2,4.026492,200,4.7423128,43.06
690,913.66,80.204,146.6,2.3040482,145.3,3.0646078,28.26
691,921.34,70.016,100.1,2.23694,148.2,3.3106712,6.29
692,919.5,68.738,228.7,4.138339,247.3,5.4133948,15.03
693,917.9,76.802,154.1,2.5501116,199.4,3.4001488,30.31
694,925.3,70.466,64.6,6.7331894,72.3,7.941137,13.23
695,915.97,63.734,205.7,2.3935258,220.3,3.0869772,87.25
696,918.4,78.422,257.4,1.7671826,277.4,2.3040482,28.73
697,922.2,45.68,285.7,2.2816788,281.5,3.3106712,20.11
698,919.78,65.498,184.3,2.3040482,81.3,2.8409138,36.24
699,919.8881282,68.6878221,228.5177299,3.96085768,247.9540281,5.185547159,14.49283919
700,916.04,62.132,50.2,3.7580592,63.9,4.6752046,26.11
701,921.36,50.45,218.5,9.0148682,229.2,10.4688792,80.6
702,914.9,53.942,164.5,4.0041226,185.2,4.9883762,75.77
703,922.4126587,64.01853693,127.9816953,3.250916119,102.5527878,4.844723245,15.98261038
704,916.03,62.51,186.5,6.2186932,191.8,6.822667,31.85
705,911.9,59.072,199.8,1.2750558,239.5,1.8342908,77.63
706,917.44,64.778,34.6,19.1705758,62.4,25.8590264,13.31
707,918.3268845,74.36302054,70.44776604,3.751717266,101.9168388,5.206253515,10.44641484
708,909.19,46.49,111.3,2.7738056,29.5,3.8922756,48.85
709,921.0566467,58.08519069,60.32354005,4.203757727,71.91681801,5.01394453,21.93489479
710,916,58.136,178.6,11.4531328,188.5,13.8466586,36.26
711,919.7,76.208,31.2,1.0737312,74,1.5211192,15.24
712,915.89,82.4,210.7,0.9171454,220.5,1.4316416,22.98
713,921.1602913,75.18941772,225.5375403,2.17327441,250.6381519,2.917762771,43.57119848
714,921.35,61.808,64.9,7.605596,79.6,9.5964726,18.47
715,923.6,65.03,62.3,7.0910998,75.1,8.4108944,20.86
716,920.7012114,73.85313148,61.19171814,8.236906106,76.45666344,10.3825958,15.90260585
717,916.3,73.922,223.6,1.5882274,240.1,2.3040482,13.67
718,919.3,63.608,171.9,4.1830778,194,5.7489358,18.53
719,923.9,62.69,95.4,2.9527608,74.1,4.6304658,30.84
720,913.7,98.906,192.7,2.125093,53.4,3.35541,11.49
721,921.17,70.322,52.1,17.6941954,70.5,22.1904448,9.42
722,923.349127,48.61116093,46.68734576,14.14179401,67.6011823,18.17721691,17.20328308
723,917.01,51.836,130.2,1.6105968,159.9,2.348787,70.01
724,920.7374477,70.92035517,41.53551279,5.544515244,64.37374709,7.380194375,10.10008289
725,917.4,70.736,187,1.1855782,220.7,1.7224438,39.45
726,920.86,42.134,177.4,8.3214168,192.6,10.5807262,92.31
727,920.9352433,64.8842063,47.92704625,15.0116453,64.31886125,18.62760708,9.895457057
728,917.8287728,80.83583716,117.27339,2.774862772,46.80317197,3.597287633,20.13330499
729,916,81.518,98.4,1.7000744,99.6,2.5053728,21.36
730,923.8916608,56.98687988,51.38338334,13.33987076,67.7590757,17.4962426,17.60882962
731,922.9701665,51.39184697,33.81094226,,59.29008856,11.11155532,34.80775347
732,913.5,56.336,221.9,2.2145706,254.4,2.9527608,74.33
733,916.18,49.568,181.6,7.2476856,191,8.9253906,83.62
734,918.2739689,55.58358679,47.85212764,6.503472883,63.63130116,7.912205077,24.38384619
735,913.49,65.39,172.3,2.6395892,187.5,3.4448876,51.06
736,910.57,46.562,181,15.65858,190.8,18.8126654,89.88
737,917.8951297,76.80469009,104.7710204,1.632704934,97.17876295,,13.77131052
738,922.352876,69.39881071,69.95425257,6.147785059,91.61745076,7.738438622,12.7296686
739,919.1,87.602,275.7,2.1027236,133.6,3.2659324,14.57
740,917.21,82.742,171.6,2.7738056,204.3,3.6238428,24.62
741,916.8245105,86.67660439,118.6664371,2.359806477,45.91920387,3.17288152,18.15816846
742,917.1,61.502,189.1,3.7356898,197.5,4.3396636,32.68
743,917.07,47.102,162.2,4.5409882,184.1,6.487126,69.87
744,920.1,58.82,134.5,1.7224438,137.8,2.6619586,54.67
745,916.48,72.122,170.6,4.697574,182.7,5.8607828,36.26
746,924.51,71.906,196.7,6.6437118,217.9,8.276678,15.81
747,920.1,45.86,141.3,1.5211192,180.6,2.23694,72.66
748,913.05,50.054,174.3,5.5028724,188.6,6.7779282,58.79
749,919.17,79.988,167,5.0778538,183.7,6.6437118,22.24
750,921.1593821,66.43582854,207.4289011,2.868671135,232.3911204,3.823486295,44.42683702
751,924.46,53.456,179.3,3.8922756,201.6,5.2120702,25.21
752,920.7591399,66.68754823,197.9342196,4.171357793,210.5176416,5.050586421,13.59904279
753,918.21,49.856,89.5,5.5476112,99.6,8.9924988,18.09
754,914.0271982,73.21899786,219.4332582,1.500595219,125.443514,2.203273713,25.56141102
755,921.264866,76.37283607,226.3566991,1.909191129,249.387781,2.580273129,47.02509101
756,921.31,61.34,48.1,7.7845512,55.8,9.1043458,35.42
757,914.9,75.02,167.2,4.1830778,180.7,5.3910254,38.72
758,919.37,65.138,54.4,8.724066,68.5,10.7596814,16.55
759,914.46,76.874,113.6,1.2974252,132,2.0803542,56.39
760,919.9018072,72.98237106,56.40546185,6.80400791,73.66729587,8.417063264,12.52558362
761,924.5712602,60.42124026,161.7688273,1.995469162,167.0977389,2.984585085,10.01870967
762,917.4852324,83.6369742,199.3531854,1.670929847,94.16482241,2.688247598,18.99148033
763,919.43,60.584,77.6,2.1474624,96.1,3.7580592,21.42
764,914.21,64.472,99.1,11.967629,110.7,14.1598302,44.44
765,923.8,55.13,55.2,3.019869,47.1,3.8475368,69.07
766,917.9,51.386,219,5.5699806,240.8,6.9792528,69.06
767,915.22,73.292,148.3,1.789552,198.5,2.908022,41.4
768,923.47,53.06,29.9,4.4291412,60.7,6.4647566,31.8
769,920.8111689,74.4839732,204.4837355,4.456796087,220.8889544,5.602233307,21.98094551
770,921.05,61.448,189,8.7911742,197.3,10.289924,27.63
771,920.8277336,62.18403182,66.06439726,7.437057441,80.09658119,9.328343075,16.80217215
772,915.5769393,73.75343537,182.3893021,9.333401902,193.3815218,10.89469134,31.6299773
773,915.7,72.59,186.2,3.4001488,196.8,4.1159696,32.72
774,922.73,72.23,67.9,6.5318648,92.2,8.3214168,13.07
775,919.11,55.166,201.5,3.802798,235.2,4.7423128,25.98
776,920.8976623,66.52878596,198.1221801,4.079293338,210.7152488,4.842643817,13.38270966
777,916.5,85.586,121.1,1.2974252,80.6,1.7448132,15.92
778,916.3,68.774,67.6,4.1159696,79,5.1897008,42.5
779,921.55,45.338,183.5,7.0239916,193.2,8.2990474,91.1
780,916.2,84.488,42.8,4.5633576,63,5.7489358,19.4
781,918.4,57.56,163.5,3.1540854,211.5,4.362033,27.19
782,919.3224913,72.20937256,181.438639,2.716911681,186.7866077,3.355286711,12.34120722
783,916.2,82.814,55,6.9568834,91.5,9.4398868,48.92
784,919.7,72.014,178.8,5.3015478,196.2,6.7779282,36.73
785,915.1,57.038,186.9,4.1159696,201.6,4.9436374,90.93
786,920.51,47.984,133.4,2.013246,151,3.3106712,90.39
787,919.8715514,65.66748194,81.66297793,3.842941803,91.13943922,5.037385576,13.53828952
788,917.9234418,73.24971734,42.10173864,4.132697506,64.28496916,5.345257827,6.939691553
789,922.5429891,67.90605742,198.4842334,4.28088479,208.6097621,5.262384454,11.50187879
790,922.31,58.946,200.8,3.5343652,223,4.6528352,47.96
791,921.5575399,64.25058522,65.21929219,10.9268002,81.51575311,14.07831267,14.27929006
792,917.9,82.886,46.8,3.8922756,77.4,5.1225926,41.67
793,921.72,59.81,51.1,19.5061168,65.6,25.3668996,10.68
794,919.9075787,63.85844458,74.02888669,7.894795237,81.75605009,10.31704128,11.94515746
795,921.24,71.78,216.4,1.6105968,171.4,2.572481,16.83
796,918.4,51.602,209.6,2.572481,228,3.2211936,87.99
797,920.7362227,42.70311605,146.668859,8.07323772,168.0068206,10.44128817,34.11027705
798,918.13,49.316,308.1,10.2004464,184.4,13.086099,88.48
799,917.65,82.436,108,2.2145706,62.8,2.8409138,7.13
800,919.88,61.502,192.2,10.9162672,201.7,12.5716028,20.22
801,916.76,87.008,119.5,2.3711564,44.6,3.1988242,19.02
802,918.7,47.786,189.4,2.3264176,202.1,2.8185444,91.71
803,925.3050897,57.09312964,52.66310334,15.40276692,68.35462045,19.95316567,17.85122729
804,920.14,64.058,50.4,4.2054472,62,5.0107456,23.78
805,918,66.758,171.6,5.704197,180.3,6.7555588,54.21
806,920.35,46.868,181.3,7.4266408,193.7,9.2385622,91.24
807,916.3,83.012,198,4.362033,210.9,5.4357642,35.42
808,916.51,75.47,137.7,1.0513618,180.5,1.6105968,26.94
809,917.4,69.278,169.1,1.5882274,174.5,2.2145706,22.24
810,920.225446,75.24016923,213.6276416,3.016165034,222.4786179,3.871704661,23.27741773
811,921.591558,58.75454853,90.52730392,2.774969759,57.17921569,3.417291363,23.87597386
812,915.47,79.538,68,2.9974996,88.4,3.8475368,44.79
813,917.01,41,150.4,3.914645,55.4,6.151585,65.34
814,912.06,52.034,186.3,2.348787,141.2,3.1540854,88.01
815,914.8,71.294,69.1,2.0803542,61.5,2.908022,24.38
816,921.2694426,54.15816918,50.73550454,4.925063874,65.81127139,6.259874088,19.66515337
817,920.1920294,67.32501281,152.7577049,1.224716693,136.3659078,2.066353433,14.00975348
818,921.4,63.05,223.2,1.3197946,185,1.8790296,40.7
819,921.52,59.216,48.8,14.7861734,63.4,18.119214,18.94
820,921.9752196,67.32097329,55.76784829,16.96224014,70.63471916,20.99143952,15.99216387
821,915.9,69.134,115.2,1.9908766,110.3,2.7738056,71.73
822,916.2303005,62.72080284,46.65157796,9.514091966,66.39413454,12.09017225,28.27236211
823,916.1,69.512,189.6,7.4713796,197,8.5674802,30.25
824,917.7,59.432,90.2,1.6553356,120.8,2.348787,23.57
825,921.559754,70.94586688,166.2129201,3.975136621,210.3031235,6.396812114,15.45263103
826,919.85,77.36,235.2,1.8790296,222.8,2.5053728,43.76
827,920.7366407,69.53207696,183.1266552,4.019666294,189.5552215,4.802682416,14.59236486
828,915.14,59.81,168.8,6.4423872,176.5,7.5161184,41.07
829,918.26,49.892,72.7,4.4291412,109.2,7.3371632,35.18
830,921.4142774,62.56449595,64.99888836,8.634210067,80.19333016,10.98454857,17.17209029
831,916.63,81.266,128.1,1.006623,135.3,1.5882274,23.33
832,918.88,60.476,42.5,9.5964726,31.8,14.4058936,89.9
833,915.6256331,77.30113675,209.2222797,1.760152838,233.5223731,2.398142398,20.40600856
834,921.5915674,59.42855507,49.62302467,16.47514291,64.18724099,20.71270273,15.98426791
835,919.12,79.34,167.2,1.4987498,168.8,2.125093,35.09
836,924.11,55.184,212.3,3.6685816,226.6,4.6752046,48.68
837,917.94,46.616,208.2,4.6752046,221.4,5.5476112,85.75
838,918.57,76.046,209.2,3.131716,222.7,3.9817532,25.72
839,917.41,79.988,166.9,4.8765292,176.9,5.8831522,26.1
840,918.0437667,,181.7740415,0.96437611,185.6186008,1.57000733,11.91122248
841,918.37,72.932,184.5,2.013246,186.7,2.7738056,8.81
842,920.2171056,56.64583782,73.92055451,3.992825728,63.77618689,4.798595788,22.91472429
843,919.2886585,77.34951429,165.8749224,1.420641655,198.5485033,1.969476867,19.44743016
844,921.4,75.236,60.9,4.026492,76,4.921268,15.06
845,921.6133725,68.65897257,70.70355546,2.248931575,96.8447012,3.043049121,12.38320679
846,916.45,46.022,194.8,5.144962,207.8,6.1739544,78.01
847,916,61.016,180.6,5.9055216,194.8,6.934514,50.77
848,915.25,37.562,246.5,11.5873492,258.7,,91
849,920.9797793,71.47359193,37.72825185,2.727453902,64.73351975,3.778071804,20.82159782
850,920.9861865,57.07364499,71.73927129,2.821004591,63.47423762,3.425700413,21.90585188
851,921.6204731,75.36562384,178.0610914,1.886436685,203.3569907,2.425440266,13.17181298
852,919.72,73.4,109.9,1.8566602,83.7,2.572481,56.8
853,917.3,73.184,178.6,4.6752046,183.7,5.256809,36.57
854,920.1,52.97,43.3,5.3910254,77.5,7.4490102,19.06
855,921.0380775,51.35500803,46.52749516,16.54189347,59.7337275,21.03101747,11.59549903
856,919.55,39.524,212.4,12.3926476,217.1,13.5111176,91.7
857,916.2583087,74.59301339,181.8524297,8.768240115,193.1880373,10.23926855,29.66692448
858,919.33,53.942,163.9,1.6105968,203.9,2.2816788,72.67
859,920.6676177,68.39534226,196.1648157,4.146405853,212.3535981,5.489133822,15.91576507
860,917.8957324,74.83131615,282.2971898,1.937641569,229.2786618,2.64280279,17.07665439
861,919.0654084,,172.3037278,2.639599713,193.0581408,3.326949412,12.49783852
862,918.1749556,73.22148689,183.610324,1.645833346,186.2209437,2.352811934,9.723628837
863,917.4474729,75.70030204,147.9501806,2.64351687,50.84804773,3.849548346,25.78832296
864,922.82,55.094,59.9,2.7514362,75.8,3.4448876,35.21
865,920.71,50.414,45.7,16.2849232,58.4,20.7588032,11.43
866,925.1728084,72.08517344,229.8498258,2.620778064,222.4415368,3.473218344,15.34482926
867,914.49,77.738,44.8,9.506995,54.3,10.8715284,23.11
868,923.77,71.78,197.5,3.8699062,211.3,5.144962,13.7
869,,45.104,259,3.2659324,275,4.026492,85.27
870,916.42,46.562,168,7.0239916,182.9,9.4622562,85.63
871,917.61,69.296,228,2.0356154,263,2.6619586,66.77
872,918.2,89.204,225.5,1.1855782,265,1.7671826,26.57
873,916.69,79.214,18.4,1.6553356,66.4,2.4830034,21.47
874,911.27,59.828,218.3,2.2593094,235.9,2.9751302,86.73
875,918.1250622,68.24414977,54.66225551,16.25091168,73.23721105,20.70474611,16.83697237
876,918.46,79.448,177.9,2.9303914,187.6,3.4896264,29.46
877,916.0291752,87.13618305,211.4883593,1.57681889,110.2922395,2.589369955,12.62275271
878,925.2776612,66.46657459,49.4049391,11.22885388,77.8993463,15.34401109,13.93273829
879,916.4,48.038,264.7,4.026492,299.2,5.8607828,44.62
880,911.6,42.638,292.8,1.9685072,247,2.6619586,90.23
881,915.29,50.612,153.8,4.4515106,185.3,7.2029468,62.46
882,923.860559,58.27301474,53.28214924,14.09544371,69.92717605,18.39146099,19.31229133
883,918.6,64.382,177.1,2.460634,190.7,3.0646078,34.98
884,918.84,68.954,45.8,3.8922756,82.5,5.5699806,14.74
885,919.39,67.064,170.8,5.4581336,190.5,6.8674058,20.18
886,918.7,69.422,161.1,0.782929,193.6,1.1855782,18.18
887,913,52.322,174.8,5.9502604,184.5,7.270055,79.91
888,915.82,62.492,45.3,8.5674802,65.3,11.1399612,29.92
889,920.7911244,59.07781766,55.83557485,17.7440939,77.4560015,23.3713405,9.690133679
890,913.93,81.752,120.9,2.908022,141.1,3.7356898,20.42
891,920.28,74.03,120.9,2.23694,119.8,2.8856526,13.48
892,916.26,69.008,68.6,2.7066974,79.5,3.2659324,42.79
893,920.8629104,74.01465699,210.7392472,1.573645191,254.0067445,2.324653549,12.01012198
894,915.1048528,80.66103183,214.4076574,1.53536419,116.8430014,2.41188754,18.80534566
895,919.2351526,65.95111244,194.3433329,2.942018686,216.5697924,3.658810375,14.07350355
896,914.96,66.776,172.7,4.9883762,183,5.816044,27.4
897,916.83,64.994,189.4,9.0819764,195.5,10.4465098,24.86
898,922.6501405,59.81180172,194.3272817,4.466058582,102.3968504,6.912014498,21.48645133
899,916.08,61.286,155.4,1.9685072,191.4,2.684328,62.12
900,921.7270335,61.24961743,56.50145114,10.2417653,76.77391164,13.12279004,17.91855208
901,914.6210615,74.40354197,176.9893855,4.27043096,194.3180633,5.256350811,19.47756053
902,920.3404306,67.28122262,196.6933746,4.639243804,209.0231593,6.060625339,15.25367544
903,923.394624,62.23103922,44.93116628,15.00517547,63.52097477,19.2648777,10.9409164
904,920.6989015,50.96480352,45.11336413,16.04374939,59.43057653,20.54954946,12.64766581
905,917.1,43.592,211,8.276678,220.8,9.4398868,92.34
906,925.2785355,58.09476625,52.60620283,18.25424942,68.40239058,22.74210607,14.55166707
907,918.6,87.44,40.9,3.4001488,53.5,4.4067718,12.11
908,918.6,40.28,163.8,3.1540854,198.2,4.5186188,39.77
909,918.3215747,71.83114162,144.0325915,2.648180251,39.77126235,3.862571139,23.1792593
910,917.33,73.202,106.6,1.3869028,147.7,2.013246,36.7
911,917.18,49.19,146.5,1.565858,150.5,2.3264176,91.11
912,919.9,70.484,46.1,21.0496054,65,26.7985412,15.72
913,921.17,69.548,37.1,2.348787,65.1,3.3330406,18.97
914,921.3,46.238,231.1,3.3330406,253,4.809421,73.93
915,925.29,68.36,39.9,14.0703526,55.9,19.5284862,13.99
916,918.8455663,80.22937326,189.1592764,1.915898906,77.4913211,2.969309058,24.9724584
917,920.7675706,51.41195136,35.92276845,10.32725349,61.52130794,14.14616965,39.18913674
918,915.07,58.046,186.2,7.6950736,195.6,8.9924988,55.2
919,918.67,71.996,177.2,2.7290668,197.3,3.5567346,32.59
920,920.4238629,70.86005799,198.9739544,4.388915618,211.3008436,5.25944304,11.95066421
921,920.8284136,69.81576332,48.63164271,12.81653165,65.17669767,16.25620666,13.93604113
922,913.77,49.424,175.8,12.5716028,185.3,15.3677778,83.06
923,918.68,64.868,115,1.2750558,149.8,1.789552,90.67
924,922.17,64.112,68.8,6.1068462,93,8.6569578,9.71
925,916.07,77.666,198.1,2.3264176,216.7,3.0646078,28.45
926,920.3001675,66.95311021,49.23856871,21.41819687,62.80300191,25.81563062,13.02867733
927,919.73,67.118,206.3,2.5053728,229.8,3.2659324,64.08
928,915.5,70.088,178.9,5.9502604,190.6,7.1358386,35.59
929,920.65,51.818,34.9,10.0214912,60.9,13.8019198,39.95
930,914.83,85.46,120.5,1.4316416,132.8,2.23694,18.15
931,917.81,73.76,213.4,1.6105968,239.7,2.1474624,30.67
932,912.9,37.04,303.7,4.2725554,291.5,5.8607828,92.62
933,919.4,77.738,200.2,0.9842536,254.4,1.7000744,13.3
934,915.01,60.602,179.8,6.3529096,194.5,7.6727042,51.96
935,922.9,71.078,151.8,3.1540854,182.4,4.3844024,23.79
936,915.13,62.15,180.2,3.7356898,197,4.4962494,73
937,920.6323544,78.02312026,55.38466456,11.41455531,72.6037786,14.56586307,8.471749806
938,919.4911333,68.80559524,228.8017058,4.126234313,247.1904707,5.396914925,15.06324997
939,917,77.864,234.7,1.1632088,250,1.6105968,30.82
940,918.79,61.808,162.9,3.2211936,187,4.1830778,25.37
941,920.41,65.984,50.1,21.5193628,62.2,25.5458548,12.29
942,920.9927573,63.48552228,163.5691232,1.401010393,195.1285049,2.01407028,13.92370185
943,911.68,62.87,180.2,11.0057448,186.9,12.7729274,26.26
944,920.18,53.294,60,5.2344396,41.2,6.3529096,80.15
945,919.7,72.428,241.6,1.342164,287.6,2.0803542,48.59
946,923.0518734,68.19432232,227.295374,2.474477801,253.5667434,3.276845526,10.14553395
947,922.4,47.696,170.7,2.5277422,172.1,3.5119958,88.26
948,915.39,71.42,183,2.1698318,207.7,2.684328,40.34
949,914.8,67.658,193.3,1.6105968,221.2,2.23694,30.27
950,920.971398,68.25382288,192.1543755,2.248278623,221.680187,3.125880545,18.64205295
951,920.8443244,69.74583004,48.75744861,12.90095773,65.01389003,16.30421365,14.15768153
952,922.18,70.106,62.1,3.6238428,72.9,4.0488614,16.12
953,914,73.454,173.7,4.5409882,181.1,5.2791784,33.74
954,924.29,62.33,43.1,2.3040482,61.8,2.8632832,35.77
955,918.8942298,64.7344245,171.5277527,2.882002313,191.2589731,3.688615166,10.86279645
956,918,82.364,109.4,1.8119214,162.4,2.6395892,26.92
957,923.12,68.27,227,2.4830034,253.4,3.2883018,10.02
958,922.8727888,62.77940833,45.45201867,14.98319216,63.6192488,19.11978784,10.44856349
959,916.14,84.02,37.5,2.5053728,48.7,2.908022,13.74
960,919.0095905,62.58302534,166.7751267,3.635351726,190.0139874,4.857288702,22.42490372
961,920.0956776,53.80033018,212.8484052,4.366221857,223.0099597,5.131371245,19.8175519
962,919.0907964,74.90201928,221.1987087,2.015850863,243.4573064,2.694086104,39.68863741
963,924.67,59.918,163.2,1.7448132,165.6,2.6619586,9.9
964,914.97,67.046,191.9,3.2883018,203.2,3.8475368,26.47
965,917.7350114,81.78333547,123.9885434,2.237281703,45.14859975,3.009168379,17.41160528
966,922.6,59.324,165.3,1.8342908,196.2,2.5948504,10.94
967,918.1087301,66.61972521,207.6021735,2.913576002,114.6935923,4.442629454,23.80606401
968,916.32,70.016,192,3.6238428,201.4,4.362033,66.79
969,920.8239102,66.57096157,198.0053959,4.128369218,210.5959355,4.956648424,13.52217246
970,916.99,75.074,73,4.6080964,99,6.375279,8.83
971,919.7,73.814,227,1.4092722,255.4,1.901399,33.59
972,922.5720648,60.67166385,139.8773847,3.052598233,145.6403145,4.794793953,18.93901661
973,922.12,55.58,51.9,14.2940466,72.2,19.01399,19.19
974,920.61,65.03,191.2,2.5501116,194.7,3.7580592,20.03
975,915.6,69.206,178.7,2.572481,183,3.243563,38.57
976,917,44.636,174.2,10.0885994,186.7,12.7281886,91.8
977,919.2879854,76.70823367,166.7974124,1.302947414,199.3061122,1.814130286,19.35192879
978,917.64,77.846,186.9,3.6238428,194.8,4.1159696,30.76
979,920.7155319,62.81579151,116.1312809,3.872760504,51.28075961,4.771044039,24.05231604
980,920.091803,75.66404848,90.88091145,1.154953712,91.80116617,1.751028257,13.83389187
981,919,63.464,96,0.782929,105,1.230317,28.43
982,922.3027742,69.02818204,197.8078096,3.973188946,210.9921904,4.984299951,13.55635551
983,921.5,62.996,74.6,5.2791784,90.3,6.4200178,11.96
984,921.86,38.588,209.9,3.579104,172.2,4.3396636,81.82
985,919.7,78.53,187,4.9436374,193.8,5.7265664,8.48
986,916.04,51.818,177.8,4.0936002,189.8,4.7646822,77.49
987,926.52,65.516,56.9,17.4928708,67.4,20.7140644,15.48
988,916.1,82.454,180.7,3.5567346,210.8,5.3015478,19.34
989,918.3000615,55.42180155,89.96698563,4.853685835,96.19767615,7.462878372,18.94058096
990,920.8027258,72.8910007,99.39920763,2.014859014,147.0904121,2.997145103,6.929473039
991,919.721008,70.23498504,118.161587,3.325509791,161.6760028,4.964459921,18.78337755
992,913.64,74.516,219.4,1.8566602,229.3,2.2816788,37.53
993,921.6458395,65.7349581,266.1396558,2.024552486,232.5115472,2.564244708,11.27919212
994,917.73,76.136,85.9,4.2949248,42.8,5.9502604,38.52
995,917.35,77.756,40.5,2.0579848,96.7,3.8699062,26.39
996,920.02,71.114,92.7,3.4001488,66.6,4.8317904,48.22
997,921.8625068,61.40668743,75.15249655,2.550631821,62.95188101,3.070345507,21.63027016
998,914.14,71.24,,1.7224438,232.9,2.3264176,24.2
999,916.86,79.322,96.2,1.7671826,134.7,2.572481,38.77
1000,919.31031,76.06409876,273.1101329,2.081832283,206.1544909,2.688532415,20.31695475
1001,922.3553592,59.81945291,53.39670022,14.1928163,70.52284112,18.02247012,19.41309619
1002,919.71,43.682,210.3,5.0107456,225.4,6.5766036,82.15
1003,918.66,57.272,286.3,3.9370144,312.2,5.480503,46.56
1004,923.5212962,71.57442861,40.15437859,4.729387099,64.91751436,6.516347079,16.24878385
1005,919.46,71.816,56.7,8.8135436,74.6,11.1623306,10.4
1006,915.6441391,82.33491951,117.9547618,1.563611187,135.1935352,2.399074064,19.83390259
1007,920.396217,72.22044333,226.9929199,3.077606869,249.1019178,4.066264993,30.43639756
1008,916.66,56.336,179.8,3.579104,203.2,4.2725554,77.48
1009,910.45,47.822,171.9,14.428263,188.7,18.0744752,91.79
1010,923.02,60.494,274.7,1.9237684,233.3,2.4382646,7.81
1011,916.84,55.274,51.7,4.9436374,71.9,6.2410626,20.92
1012,923.9533869,60.14793282,53.81042108,18.69847625,71.07735535,23.37796194,12.61502537
1013,913.65,65.678,166.1,8.8806518,182,11.967629,42.44
1014,919.76,64.814,214,4.2949248,232.1,6.1292156,31.49
1015,919.4,79.178,150.1,2.4158952,180.7,3.579104,35.4
1016,922.6928576,62.72707028,60.40558539,7.659790564,76.34713518,9.662589501,25.0485079
1017,924.79,68.306,56.5,14.987498,77,19.6179638,10.97
1018,919.97,64.184,185.5,0.7381902,215.2,1.3197946,32.7
1019,922.2732645,68.78916785,57.18750785,9.583844486,82.33064212,12.77229459,7.522056578
1020,918.7,74.444,181,0.9171454,127.6,1.342164,12.72
1021,919.242813,61.4497224,259.3089712,1.818527503,256.2185188,2.36309253,16.37924091
1022,918.8,49.874,52,3.8699062,61.2,4.5633576,40.26
1023,915.2,59.972,168,1.9908766,186.2,2.460634,35.92
1024,919.5175966,75.62894882,120.8440438,2.124286376,121.618577,2.794903847,14.1332888
1025,919.4,58.406,40.4,6.6884506,61.6,8.4108944,15.02
1026,916.54,80.384,99.3,1.0961006,96.8,1.4763804,13.22
1027,916.16,48.128,183.1,12.8176662,193.5,14.987498,91.49
1028,912,56.138,137.3,3.0869772,166.4,3.8475368,75.52
1029,925.31,57.398,184.9,2.9751302,205.6,3.8475368,19.28
1030,919.759618,69.77352415,120.2012089,3.399158603,161.9183084,5.086765572,19.64885314
1031,922.6691951,,47.94628401,7.969685803,65.77006635,10.26233703,18.92080492
1032,919.84,65.678,64.9,9.4846256,74.8,10.8715284,18.11
1033,919.3375546,85.29200269,96.81077943,3.096761951,52.16106896,3.948782008,15.33848558
1034,917.38,73.616,171.1,5.7936746,179.5,7.0239916,38.23
1035,919.67,77.576,171.8,6.5542342,191,8.164831,56.86
1036,918.7194145,61.58215525,257.1762621,1.803944447,259.3942996,2.352676062,17.56666629
1037,923.7346151,59.08935014,53.32885125,18.65398595,70.69591319,23.26840357,12.95577025
1038,920.4856087,74.19603742,57.17664601,5.557863297,73.5074845,6.713967046,14.95654426
1039,917.7857392,69.05672281,48.28813083,12.22183056,63.70593459,15.3325047,11.98446352
1040,923.1404696,58.23451934,47.66597606,10.35193421,65.70501845,13.10922539,17.21616254
1041,917.6,74.12,179.1,2.1474624,190.7,3.467257,11.69
1042,913.41,63.482,48.4,4.2278166,28.9,4.7870516,49.2
1043,917.09,55.274,198.3,6.0173686,207.4,6.9568834,78.2
1044,923.1077681,60.60163981,51.20851721,17.1888352,64.24735768,22.19571292,9.175633688
1045,915.93,68.198,186.7,2.0803542,171.9,2.6172198,48.84
1046,918.08,73.706,169,2.8856526,192,3.8251674,31.5
1047,917,51.296,151.7,3.0646078,183.2,4.8541598,23.29
1048,914.6,62.366,200.4,1.5882274,235,2.1027236,86.6
1049,918,71.312,156.9,2.9527608,183.9,4.1607084,35.17
1050,917.59,82.67,170.9,3.6014734,183.4,4.7199434,13.88
1051,923.621726,71.63345648,197.484268,3.901578573,211.233139,5.184552467,13.73146399
1052,921.5698459,61.79127933,62.20611357,8.47833606,78.79493049,10.78090554,18.23157557
1053,916.2184012,79.51791003,96.74419453,2.200951781,136.2756535,3.234710426,13.37053798
1054,920.50894,80.98892224,58.9035771,9.482313417,78.48237778,11.82181614,19.17191747
1055,920.0807771,60.96645401,163.7130879,2.751329472,190.116837,3.645007589,20.4813089
1056,918.6,72.824,186.2,6.3081708,191.8,7.0016222,22.5
1057,915.91,63.986,17.4,3.8251674,37.8,5.0107456,40.97
1058,917.01,74.84,254.9,0.8276678,221,1.2974252,30.45
1059,920.74,59.09,180,8.9924988,194,10.7596814,35.26
1060,912.9,78.332,167,7.82929,177.1,9.8872748,28.86
1061,920.9004345,64.14800226,127.7508477,2.635249037,49.35250534,3.310595353,16.54056386
1062,914.56,76.226,173.3,6.6437118,185.4,8.052984,25.84
1063,917.3001851,65.7900009,,1.879553141,222.4982256,2.692862361,14.97266789
1064,913.85,79.736,191.7,3.1093466,207.8,3.9817532,21.48
1065,915.6,69.584,185.5,4.6304658,198.2,5.480503,28.97
1066,919.5648688,73.72673151,68.70469436,3.551777042,102.5716162,4.861314907,11.65731434
1067,917.69,64.994,178.3,2.9751302,193.9,3.7356898,54.88
1068,920.33,68.864,122.4,2.0356154,182,3.0869772,52.38
1069,918.26,82.22,186.6,1.0961006,221.5,1.7224438,32.46
1070,911.6,46.346,110.2,2.3040482,96.1,3.1540854,90.51
1071,919.2,70.25,156.7,2.013246,172.3,2.6172198,42.06
1072,923.1,75.596,178.3,1.4092722,205.2,1.8566602,11.88
1073,917.92,84.65,30,4.8317904,40.1,5.8384134,16.22
1074,913.87,66.938,171.9,6.5094954,182.3,7.4713796,57.43
1075,922.8581101,64.98936079,63.48304689,10.26118718,73.17050393,11.94920569,14.52510864
1076,925.55,50.918,32.6,5.4133948,57.5,8.1200922,29.09
1077,920.13,73.292,193.6,4.1159696,211.3,4.9660068,33.52
1078,924.0178563,68.3703069,56.30408293,15.16279989,76.5851168,19.80357757,11.59923953
1079,917.2,65.264,137.6,1.7671826,176.7,2.5501116,58.37
1080,916.26,79.772,185.7,3.5119958,201.5,4.1607084,27.68
1081,920.8569129,69.88433806,47.33596583,12.23866984,66.72916229,16.06785991,11.9568515
1082,916.13,50.108,211.4,2.5501116,231.8,3.5343652,89.8
1083,916.32,48.308,46.9,4.8541598,61.7,5.8607828,91.03
1084,917.13,80.24,183.3,1.6329662,38.5,2.2593094,28.26
1085,914.84,47.354,190.9,3.7133204,204.4,4.6528352,92.3
1086,921.26,52.646,261.9,2.0356154,260.5,3.0422384,91.11
1087,914,66.65,173.8,8.3661556,181,9.4398868,30.92
1088,912.9,71.87,129.2,1.4316416,160,2.0579848,51.84
1089,915,55.04,191.8,5.368656,220.9,7.0687304,73.55
1090,918.9,63.104,192.9,3.8699062,207.3,5.2120702,26.02
1091,918.71,49.568,241.6,1.8119214,227.4,2.3711564,90.35
1092,916.6,71.096,189.3,3.0646078,200.8,3.8922756,45.59
1093,912.6,58.406,172.7,3.8251674,189.1,4.7646822,64.84
1094,921.53,77.702,97.1,3.2659324,125.9,4.4515106,14.56
